c,ampl_rec,cstart,cstop,ed_rec,ed_rec_err,istart,istop,total_n_valid_data_points,tstart,tstop
1, 0.00414121150970459,1150541,1150546,0.6386113124535235,0.04351073744463806,37570,37573,45613.0,900.4404481757447,900.443853980978
0,0.0068427324295043945,1258379,1258385,1.8182548340825075,0.07032492203364378,5587,5590,44061.0,973.8921026520984,973.8961893285814
-0.5,0.0018680095672607422,1416425,1416428,0.28194485985302187,0.03460564624838904,21994,21997,46311.0,1081.5373223428542,1081.5393655714943

