c,ampl_rec,cstart,cstop,ed_rec,ed_rec_err,istart,istop,total_n_valid_data_points,tstart,tstop
0.5,0.025156855583190918,553045,553049,3.8542653742879533,0.1882193775615125,25169,25173,40432.0,493.47283306650934,493.4755575957897
-0.5,0.0173875093460083,722572,722575,2.59186120471702,0.232554402549076,14255,14258,43996.0,608.9438469558008,608.9458903267005
0.5,0.04056096076965332,1150541,1150547,6.7515847790762535,0.22824797053120882,37573,37577,45615.0,900.4408863920034,900.4449731552158
-0.5,0.06973350048065186,1258379,1258386,20.945551451584965,0.33109287809112914,5587,5593,44064.0,973.8928006546194,973.8975684127072
-1,0.07659709453582764,1771090,1771100,22.589383393021677,0.3102202308758974,24817,24827,44149.0,1323.1104814444843,1323.117292806186
0.5,0.054236531257629395,1792220,1792228,14.075933135182934,0.2890171605537555,489,497,49957.0,1337.50260117968,1337.5080500685071

