c,ampl_rec,cstart,cstop,ed_rec,ed_rec_err,istart,istop,total_n_valid_data_points,tstart,tstop
-0.5,0.003937721252441406,269511,269516,0.965406864655586,0.02667839982155014,13082,13087,43977.0,300.35191701371514,300.35532255283033
-0.5, 0.008043766021728516,1258379,1258387,2.681408795934354,0.04191786385220291,5587,5594,44063.0,973.8923996604135,973.8978485384068
0,0.0029213428497314453,1311365,1311368,0.3999164184460735,0.020313390837632228,12850,12853,45188.0,1009.9810173341757,1009.9830605487223

