c,ampl_rec,cstart,cstop,ed_rec,ed_rec_err,istart,istop,total_n_valid_data_points,tstart,tstop
0,0.010682225227355957,350071,350074,1.662257517332391,0.10163590632457363,4148,4151,45419.0,355.22125988042535,355.2233031278083
0,0.012411952018737793,553045,553049,2.5642258731678202,0.11290999646802571,25169,25173,40433.0,493.4732935934735,493.47601810348715
0,0.009874463081359863,564523,564527,1.6437938599239708,0.1106731371553522,36623,36627,40433.0,501.29150113670767,501.29422564322886
0,0.009499669075012207,722571,722575,1.779518387147184,0.11750468096476803,14255,14259,43998.0,608.9426003375265,608.945324684908
