c,ampl_rec,cstart,cstop,ed_rec,ed_rec_err,istart,istop,total_n_valid_data_points,tstart,tstop
-1,0.05830788612365723,1636773,1636776,6.938478605387541,0.42967031227439223,23026,23029,42289.0,1231.621387115083,1231.6234304770187
-1,0.05978572368621826,1771089,1771092,8.92149901565502,0.34789033740888603,24818,24821,44151.0,1323.1087466407698,1323.1107900542702
-0.5,0.06930673122406006,1792219,1792227,20.097451859296683,0.5451738468851457,488,496,49958.0,1337.5008596804546,1337.5063085776637

